library,upstream_license,detected_license
filippo.io/edwards25519,https://github.com/FiloSottile/edwards25519/blob/v1.2.0/LICENSE,BSD-3-Clause
github.com/coder/websocket,https://github.com/coder/websocket/blob/v1.8.14/LICENSE.txt,ISC
github.com/creachadair/msync/trigger,https://github.com/creachadair/msync/blob/v0.8.1/LICENSE,BSD-3-Clause
github.com/fxamacker/cbor/v2,https://github.com/fxamacker/cbor/blob/v2.9.0/LICENSE,MIT
github.com/gaissmai/bart,https://github.com/gaissmai/bart/blob/v0.26.1/LICENSE,MIT
github.com/go-json-experiment/json,https://github.com/go-json-experiment/json/blob/d219187c3433/LICENSE,BSD-3-Clause
github.com/golang/groupcache/lru,https://github.com/golang/groupcache/blob/2c02b8208cf8/LICENSE,Apache-2.0
github.com/google/btree,https://github.com/google/btree/blob/v1.1.3/LICENSE,Apache-2.0
github.com/hdevalence/ed25519consensus,https://github.com/hdevalence/ed25519consensus/blob/v0.2.0/LICENSE,BSD-3-Clause
github.com/huin/goupnp,https://github.com/huin/goupnp/blob/v1.3.0/LICENSE,BSD-2-Clause
github.com/klauspost/compress,https://github.com/klauspost/compress/blob/v1.19.1/LICENSE,MIT
github.com/klauspost/compress,https://github.com/klauspost/compress/blob/v1.19.1/LICENSE,Apache-2.0
github.com/klauspost/compress,https://github.com/klauspost/compress/blob/v1.19.1/LICENSE,BSD-3-Clause
github.com/klauspost/compress/internal/snapref,https://github.com/klauspost/compress/blob/v1.19.1/internal/snapref/LICENSE,BSD-3-Clause
github.com/klauspost/compress/zstd/internal/xxhash,https://github.com/klauspost/compress/blob/v1.19.1/zstd/internal/xxhash/LICENSE.txt,MIT
github.com/mitchellh/go-ps,https://github.com/mitchellh/go-ps/blob/v1.0.0/LICENSE.md,MIT
github.com/pires/go-proxyproto,https://github.com/pires/go-proxyproto/blob/v0.8.1/LICENSE,Apache-2.0
github.com/tailscale/certstore,https://github.com/tailscale/certstore/blob/3638fb84b77d/LICENSE.md,MIT
github.com/tailscale/hujson,https://github.com/tailscale/hujson/blob/ecc657c15afd/LICENSE,BSD-3-Clause
github.com/tailscale/peercred,https://github.com/tailscale/peercred/blob/35a0c7bd7edc/LICENSE,BSD-3-Clause
github.com/tailscale/web-client-prebuilt,https://github.com/tailscale/web-client-prebuilt/blob/d4cd19a26976/LICENSE,BSD-3-Clause
github.com/tailscale/wireguard-go,https://github.com/tailscale/wireguard-go/blob/2e01ba5b00f0/LICENSE,MIT
github.com/x448/float16,https://github.com/x448/float16/blob/v0.8.4/LICENSE,MIT
go4.org/mem,https://github.com/go4org/mem/blob/ae6ca9944745/LICENSE,Apache-2.0
go4.org/netipx,https://github.com/go4org/netipx/blob/fdeea329fbba/LICENSE,BSD-3-Clause
golang.org/x/crypto,https://cs.opensource.google/go/x/crypto/+/v0.54.0:LICENSE,BSD-3-Clause
golang.org/x/exp,https://cs.opensource.google/go/x/exp/+/746e56fc:LICENSE,BSD-3-Clause
golang.org/x/net,https://cs.opensource.google/go/x/net/+/v0.56.0:LICENSE,BSD-3-Clause
golang.org/x/oauth2,https://cs.opensource.google/go/x/oauth2/+/v0.36.0:LICENSE,BSD-3-Clause
golang.org/x/sync/errgroup,https://cs.opensource.google/go/x/sync/+/v0.22.0:LICENSE,BSD-3-Clause
golang.org/x/sys,https://cs.opensource.google/go/x/sys/+/v0.47.0:LICENSE,BSD-3-Clause
golang.org/x/term,https://cs.opensource.google/go/x/term/+/v0.45.0:LICENSE,BSD-3-Clause
golang.org/x/text,https://cs.opensource.google/go/x/text/+/v0.40.0:LICENSE,BSD-3-Clause
golang.org/x/time/rate,https://cs.opensource.google/go/x/time/+/v0.15.0:LICENSE,BSD-3-Clause
gvisor.dev/gvisor/pkg,https://github.com/google/gvisor/blob/573d5e7127a8/LICENSE,Apache-2.0
gvisor.dev/gvisor/pkg,https://github.com/google/gvisor/blob/573d5e7127a8/LICENSE,MIT
gvisor.dev/gvisor/pkg,https://github.com/google/gvisor/blob/573d5e7127a8/LICENSE,BSD-3-Clause
tailscale.com,https://github.com/tailscale/tailscale/blob/v1.102.5/LICENSE,BSD-3-Clause
