id,published_url,published_at,window_hours,shown_in_feed,stayed_to_watch_pct,engaged_views,average_view_duration_s,average_percentage_viewed,subscribers_gained,likes,shares,useful_comments,traffic_source_notes,next_decision
V01,,,48,,,,,,,,,,,
V01,,,168,,,,,,,,,,,
V02,,,48,,,,,,,,,,,
V02,,,168,,,,,,,,,,,
V03,,,48,,,,,,,,,,,
V03,,,168,,,,,,,,,,,
V04,,,48,,,,,,,,,,,
V04,,,168,,,,,,,,,,,
V05,,,48,,,,,,,,,,,
V05,,,168,,,,,,,,,,,
V06,,,48,,,,,,,,,,,
V06,,,168,,,,,,,,,,,
V07,,,48,,,,,,,,,,,
V07,,,168,,,,,,,,,,,
V08,,,48,,,,,,,,,,,
V08,,,168,,,,,,,,,,,
V09,,,48,,,,,,,,,,,
V09,,,168,,,,,,,,,,,
V10,,,48,,,,,,,,,,,
V10,,,168,,,,,,,,,,,
V11,,,48,,,,,,,,,,,
V11,,,168,,,,,,,,,,,
V12,,,48,,,,,,,,,,,
V12,,,168,,,,,,,,,,,
V13,,,48,,,,,,,,,,,
V13,,,168,,,,,,,,,,,
V14,,,48,,,,,,,,,,,
V14,,,168,,,,,,,,,,,
V15,,,48,,,,,,,,,,,
V15,,,168,,,,,,,,,,,
V16,,,48,,,,,,,,,,,
V16,,,168,,,,,,,,,,,
V17,,,48,,,,,,,,,,,
V17,,,168,,,,,,,,,,,
V18,,,48,,,,,,,,,,,
V18,,,168,,,,,,,,,,,
V19,,,48,,,,,,,,,,,
V19,,,168,,,,,,,,,,,
V20,,,48,,,,,,,,,,,
V20,,,168,,,,,,,,,,,
